model	class	correct	TP	FP	TN	FN	diso_correct	diso_TP	diso_FP	diso_TN	diso_FN	Precision	Recall	Neg_Precision	Neg_Recall	Balanced Acc.	F1	MCC	D Precision	D Recall	D Neg_Precision	D Neg_Recall	D Balanced Acc.	D F1	D MCC	SE_Precision	SE_Recall	SE_Neg_Precision	SE_Neg_Recall	SE_Balanced Acc.	SE_F1	SE_MCC	SE_D Precision	SE_D Recall	SE_D Neg_Precision	SE_D Neg_Recall	SE_D Balanced Acc.	SE_D F1	SE_D MCC
mobidb_D_CNN_0	-	104454.0	42221.0	48154.0	62233.0	23175.0	104454.0	42221.0	48154.0	62233.0	23175.0	0.46717565698478564	0.645620527249373	0.7286553952791308	0.563771096234158	0.6046958117417656	0.5420906330446617	0.20249785668502684	0.46717565698478564	0.645620527249373	0.7286553952791308	0.563771096234158	0.6046958117417656	0.5420906330446617	0.20249785668502684	0.011215347949028212	0.013147916797828953	0.008001776635575851	0.007378665486852911	0.012314743380011135	0.010387313937358575	0.028555977092049385	0.011215347949028212	0.013147916797828953	0.008001776635575851	0.007378665486852911	0.012314743380011135	0.010387313937358575	0.028555977092049385
mobidb_D_CNN_0_l8	-	91867.0	49267.0	67787.0	42600.0	16129.0	91867.0	49267.0	67787.0	42600.0	16129.0	0.4208912126027304	0.7533641201296716	0.72536566261983	0.3859150081078388	0.5696395641187552	0.5400602904905455	0.1427253659296081	0.4208912126027304	0.7533641201296716	0.72536566261983	0.3859150081078388	0.5696395641187552	0.5400602904905455	0.1427253659296081	0.009679997185732704	0.012506056607239182	0.009039964424784075	0.008929186521963773	0.01083061318746954	0.009299958522180605	0.02762451388293315	0.009679997185732704	0.012506056607239182	0.009039964424784075	0.008929186521963773	0.01083061318746954	0.009299958522180605	0.02762451388293315
