model	class	correct	TP	FP	TN	FN	diso_correct	diso_TP	diso_FP	diso_TN	diso_FN	Precision	Recall	Neg_Precision	Neg_Recall	Balanced Acc.	F1	MCC	D Precision	D Recall	D Neg_Precision	D Neg_Recall	D Balanced Acc.	D F1	D MCC	SE_Precision	SE_Recall	SE_Neg_Precision	SE_Neg_Recall	SE_Balanced Acc.	SE_F1	SE_MCC	SE_D Precision	SE_D Recall	SE_D Neg_Precision	SE_D Neg_Recall	SE_D Balanced Acc.	SE_D F1	SE_D MCC	
mobidb_2_FNN_5_ESM2	-	96920.0	39398.0	43496.0	57522.0	24782.0	96920.0	39398.0	43496.0	57522.0	24782.0	0.4752816850435496	0.6138672483639763	0.6988967729393468	0.5694232711002	0.5916452597320881	0.535757509824986	0.1786764115465561	0.4752816850435496	0.6138672483639763	0.6988967729393468	0.5694232711002	0.5916452597320881	0.535757509824986	0.1786764115465561	0.006202633875981828	0.008290046070804857	0.009071678858925653	0.007671279205130194	0.009594959988089402	0.008454670947963261	0.019024689126311778	0.006202633875981828	0.008290046070804857	0.009071678858925653	0.007671279205130194	0.009594959988089402	0.008454670947963261	0.019024689126311778	
ANCHOR2	-	88248.0	27024.0	30111.0	61224.0	31992.0	88248.0	27024.0	30111.0	61224.0	31992.0	0.4729850354423733	0.4579097193981293	0.6567971163748713	0.6703235342420759	0.5641166268201026	0.46532530929565824	0.12900537815127067	0.4729850354423733	0.4579097193981293	0.6567971163748713	0.6703235342420759	0.5641166268201026	0.46532530929565824	0.12900537815127067	0.005462536748746971	0.008991769922037374	0.00867854364486173	0.01027900132677162	0.011353059034411639	0.010361456913176914	0.02488720079954923	0.005462536748746971	0.008991769922037374	0.00867854364486173	0.01027900132677162	0.011353059034411639	0.010361456913176914	0.02488720079954923	
