model	class	correct	TP	FP	TN	FN	diso_correct	diso_TP	diso_FP	diso_TN	diso_FN	Precision	Recall	Neg_Precision	Neg_Recall	Balanced Acc.	F1	MCC	D Precision	D Recall	D Neg_Precision	D Neg_Recall	D Balanced Acc.	D F1	D MCC	SE_Precision	SE_Recall	SE_Neg_Precision	SE_Neg_Recall	SE_Balanced Acc.	SE_F1	SE_MCC	SE_D Precision	SE_D Recall	SE_D Neg_Precision	SE_D Neg_Recall	SE_D Balanced Acc.	SE_D F1	SE_D MCC	
AAindex_baseline	-	83150.0	50058.0	77571.0	33092.0	15681.0	83150.0	50058.0	77571.0	33092.0	15681.0	0.3922149354770468	0.7614657965591202	0.6784901482377544	0.29903400413869136	0.5302499003489057	0.5177485416408093	0.06540369617282767	0.3922149354770468	0.7614657965591202	0.6784901482377544	0.29903400413869136	0.5302499003489057	0.5177485416408093	0.06540369617282767	0.009623061782182158	0.0076854833582252055	0.010185232815491618	0.0064026823191065335	0.006420046102345656	0.008443910390254536	0.011681020045968236	0.009623061782182158	0.0076854833582252055	0.010185232815491618	0.0064026823191065335	0.006420046102345656	0.008443910390254536	0.011681020045968236	
AAindex_D_baseline	-	79375.0	59993.0	91261.0	19382.0	6019.0	79375.0	59993.0	91261.0	19382.0	6019.0	0.3966374442989937	0.9088196085560201	0.7630408251643636	0.17517601655775783	0.541997812556889	0.5522539191590032	0.1158113813951849	0.3966374442989937	0.9088196085560201	0.7630408251643636	0.17517601655775783	0.541997812556889	0.5522539191590032	0.1158113813951849	0.009793866150116445	0.0071452377397677866	0.008681267421898944	0.006177930785737012	0.00624300874589326	0.009169905412284256	0.011217696278171452	0.009793866150116445	0.0071452377397677866	0.008681267421898944	0.006177930785737012	0.00624300874589326	0.009169905412284256	0.011217696278171452	
