model	class	correct	TP	FP	TN	FN	diso_correct	diso_TP	diso_FP	diso_TN	diso_FN	Precision	Recall	Neg_Precision	Neg_Recall	Balanced Acc.	F1	MCC	D Precision	D Recall	D Neg_Precision	D Neg_Recall	D Balanced Acc.	D F1	D MCC	SE_Precision	SE_Recall	SE_Neg_Precision	SE_Neg_Recall	SE_Balanced Acc.	SE_F1	SE_MCC	SE_D Precision	SE_D Recall	SE_D Neg_Precision	SE_D Neg_Recall	SE_D Balanced Acc.	SE_D F1	SE_D MCC	
mobidb_2_FNN_5_ESM2	-	9364.0	3223.0	5503.0	6141.0	3434.0	9364.0	3223.0	5503.0	6141.0	3434.0	0.3693559477423791	0.48415202042962296	0.6413577023498694	0.5273960838199931	0.5057740521248081	0.4190339985698498	0.011123054803389005	0.3693559477423791	0.48415202042962296	0.6413577023498694	0.5273960838199931	0.5057740521248081	0.4190339985698498	0.011123054803389005	0.024556578199443763	0.02495619403619892	0.026093960458837384	0.022349203906559617	0.028149717700015023	0.027637868363265206	0.054534685122791166	0.024556578199443763	0.02495619403619892	0.026093960458837384	0.022349203906559617	0.028149717700015023	0.027637868363265206	0.054534685122791166	
ANCHOR2	-	10023.0	3046.0	4667.0	6977.0	3611.0	10023.0	3046.0	4667.0	6977.0	3611.0	0.3949176714637625	0.4575634670271894	0.6589535323007178	0.5991927172792855	0.5283780921532375	0.4239387613082812	0.055294881948228326	0.3949176714637625	0.4575634670271894	0.6589535323007178	0.5991927172792855	0.5283780921532375	0.4239387613082812	0.055294881948228326	0.018279545124913726	0.027122203122510985	0.02744180021197401	0.02425485395573107	0.0337023000117469	0.03613926756411015	0.06741788335604385	0.018279545124913726	0.027122203122510985	0.02744180021197401	0.02425485395573107	0.0337023000117469	0.03613926756411015	0.06741788335604385	
DeepDISOBind	-	7371.0	2254.0	2987.0	5117.0	2130.0	7371.0	2254.0	2987.0	5117.0	2130.0	0.4300705972142721	0.5141423357664233	0.7060852766662067	0.631416584402764	0.5727794600845937	0.4683636363636363	0.140778911690404	0.4300705972142721	0.5141423357664233	0.7060852766662067	0.631416584402764	0.5727794600845937	0.4683636363636363	0.140778911690404	0.026155736434639115	0.03356406124585595	0.03267209230605572	0.03425314798460172	0.05453160085782757	0.045462401205886155	0.11369005781584626	0.026155736434639115	0.03356406124585595	0.03267209230605572	0.03425314798460172	0.05453160085782757	0.045462401205886155	0.11369005781584626	
