model	class
ANCHOR2	-	58951.0	2984.0	6805.0	55967.0	3438.0	8060.0	2984.0	1690.0	5076.0	3438.0	0.30483195423434467	0.46465275615073187	0.9421260836629913	0.8915917925189575	0.6781222743348447	0.3681450866695454	0.2966099370403637	0.6384253316217373	0.46465275615073187	0.5961945031712473	0.7502216967188886	0.6074372264348102	0.5378514780100937	0.22453019537136493	0.04162410518751578	0.04090384866068178	0.019698378277908574	0.01371430348640713	0.018940086433817577	0.035150188105952634	0.050434788716220244	0.050151425103370395	0.04090384866068178	0.03254341079965215	0.02271156889177125	0.03542923880851136	0.03442131709776591	0.08264128700656176
DeepDISOBind	-	57955.0	3545.0	8362.0	54410.0	2877.0	7717.0	3545.0	2594.0	4172.0	2877.0	0.29772402788275804	0.5520087200249144	0.9497791820133713	0.8667877397565794	0.7093982298907469	0.3868187026024334	0.3219525867096814	0.5774556116631373	0.5520087200249144	0.5918570009930486	0.6166124741353828	0.5843105970801485	0.5644455059310565	0.16896654974427905	0.03310315471870273	0.045042406991373386	0.017499389229503743	0.021462770385492755	0.022879395473052767	0.03803594975956663	0.05266584046422267	0.04103826527069406	0.045042406991373386	0.03429122300955808	0.03191139531345475	0.039384814056592096	0.039610330808585885	0.10800819485683616	
