model	class
ANCHOR2	-	58951.0	2984.0	6805.0	55967.0	3438.0	0.0	0.0	0.0	0.0	0.0	0.30483195423434467	0.46465275615073187	0.9421260836629913	0.8915917925189575	0.6781222743348447	0.3681450866695454	0.2966099370403637	nan	nan	nan	nan	nan	nan	nan	0.04162410518751578	0.04090384866068178	0.019698378277908574	0.01371430348640713	0.018940086433817577	0.035150188105952634	0.050434788716220244	nan	nan	nan	nan	nan	nan	nan
DeepDISOBind	-	57955.0	3545.0	8362.0	54410.0	2877.0	0.0	0.0	0.0	0.0	0.0	0.29772402788275804	0.5520087200249144	0.9497791820133713	0.8667877397565794	0.7093982298907469	0.3868187026024334	0.3219525867096814	nan	nan	nan	nan	nan	nan	nan	0.03310315471870273	0.045042406991373386	0.017499389229503743	0.021462770385492755	0.022879395473052767	0.03803594975956663	0.05266584046422267	nan	nan	nan	nan	nan	nan	nan	
