model	correct	TP	FP	TN	FN	Precision	Recall	Neg_Precision	Neg_Recall	Balanced Acc.	F1	MCC	SE_Precision	SE_Recall	SE_Neg_Precision	SE_Neg_Recall	SE_Balanced Acc.	SE_F1	SE_MCC	
0_simple_without_dropout	180615.0	24518.0	74076.0	156097.0	533.0	0.21001795850695873	0.9631429716514079	0.9820160590982151	0.6295997037035302	0.8267653730374435	0.6634917137689913	0.5592125860287936	0.012240985726750777	0.0048672351974594665	0.004408657129229788	0.00970502657640585	0.008247683837553728	0.016700027257756715	0.016496035245310445	
1_5layers	221552.0	20748.0	29369.0	200804.0	4303.0	0.29248310191951615	0.7431983535862738	0.9539513890608702	0.8376848319177873	0.8222778878536229	0.7248527037766993	0.6517029295087525	0.015463650884447178	0.01923797927709113	0.006103502641613733	0.00818006766988286	0.010449157504338702	0.01653711270589174	0.018702353735568982	
